{"data":{"allPrismicBlogPosts":{"nodes":[{"uid":"during-the-seminar-members-of-the-leo-africa-netwo","data":{"title":"Heritage Seminar Explores Intersection Between Culture, Heritage And Development","publish_date":"November 8, 2024","author":"Communications Team","featured_image":{"url":"https://images.prismic.io/leoafrica/Z0FdKa8jQArT1Ogz_53771071280_4f9ba2317c_o.jpg?auto=format%2Ccompress&fit=max","alt":null}}},{"uid":"the-leo-africa-institute-is-thrilled-to-announce-t","data":{"title":"Announcing The Young And Emerging Leaders Project Class Of 2024","publish_date":"November 8, 2024","author":"Communications Team","featured_image":{"url":"https://images.prismic.io/leoafrica/Z0Ffjq8jQArT1Og1_53338939854_3f3eb51a41_o.jpg?auto=format%2Ccompress&fit=max","alt":null}}},{"uid":"institute-deputy-director-kwezi-tabaro-receives-prestigious-hubert-humphrey-fellowship","data":{"title":"Institute Deputy Director Kwezi Tabaro Receives Prestigious Hubert Humphrey Fellowship","publish_date":"November 7, 2024","author":"LeO Comms. Team","featured_image":{"url":"https://images.prismic.io/leoafrica/ZziOZK8jQArT08CU_KweziTabaro.jpg?auto=format%2Ccompress&fit=max","alt":"Kwezi Tabaro"}}}]}}}