{"app":["/app-5b7f5c135b7259b2e717.js"],"component---src-pages-2020-alg-js":["/component---src-pages-2020-alg-js-0d5a3e4548e7a3c32d0a.js"],"component---src-pages-2021-alg-js":["/component---src-pages-2021-alg-js-33b751a4767c3fa274f3.js"],"component---src-pages-2022-alg-js":["/component---src-pages-2022-alg-js-af1bd65538ee08abc666.js"],"component---src-pages-2023-alg-js":["/component---src-pages-2023-alg-js-eebf5786c1ae954cf417.js"],"component---src-pages-404-js":["/component---src-pages-404-js-a5e191e2c6595717d507.js"],"component---src-pages-about-champions-js":["/component---src-pages-about-champions-js-958c5c2508f4f13b8971.js"],"component---src-pages-about-faqs-js":["/component---src-pages-about-faqs-js-dd255cf4109b57401a8c.js"],"component---src-pages-about-history-and-mission-js":["/component---src-pages-about-history-and-mission-js-5786756396752a558d7c.js"],"component---src-pages-about-history-js":["/component---src-pages-about-history-js-66dc42618f5fd8bdedd8.js"],"component---src-pages-about-js":["/component---src-pages-about-js-ea34b11ec13ee85bc57a.js"],"component---src-pages-about-mission-vision-js":["/component---src-pages-about-mission-vision-js-2bd1d8f2d6a2faf6770e.js"],"component---src-pages-about-pillars-of-action-js":["/component---src-pages-about-pillars-of-action-js-b9fb8602b8653dbbe402.js"],"component---src-pages-about-team-[slug]-js":["/component---src-pages-about-team-[slug]-js-a2afe3e3a62d688fe5db.js"],"component---src-pages-about-team-awel-uwihanganye-js":["/component---src-pages-about-team-awel-uwihanganye-js-0f4ec06dc77c75c8c76d.js"],"component---src-pages-about-team-brian-turyabagye-js":["/component---src-pages-about-team-brian-turyabagye-js-783642202d71f5e713fc.js"],"component---src-pages-about-team-catherinerose-js":["/component---src-pages-about-team-catherinerose-js-9ebc30a42ca5d492b736.js"],"component---src-pages-about-team-conrad-mugisha-js":["/component---src-pages-about-team-conrad-mugisha-js-63beee99e64b7fc04dee.js"],"component---src-pages-about-team-fiona-mbabazi-js":["/component---src-pages-about-team-fiona-mbabazi-js-e6ff730dda47fd62884e.js"],"component---src-pages-about-team-index-js":["/component---src-pages-about-team-index-js-642d78d2e42178b7ec0d.js"],"component---src-pages-about-team-kevin-langley-js":["/component---src-pages-about-team-kevin-langley-js-476cab75d16625ad701a.js"],"component---src-pages-about-team-magnus-mchnguzi-js":["/component---src-pages-about-team-magnus-mchnguzi-js-372fd986b89db0832156.js"],"component---src-pages-about-team-magnus-mchunguzi-js":["/component---src-pages-about-team-magnus-mchunguzi-js-b05ad044e826bdb7a2bd.js"],"component---src-pages-about-team-nanda-kato-js":["/component---src-pages-about-team-nanda-kato-js-89976495aa9a708603f1.js"],"component---src-pages-about-team-nelson-asimwe-js":["/component---src-pages-about-team-nelson-asimwe-js-bfd722a024da656b666e.js"],"component---src-pages-about-team-nnanda-kizito-sseruwagi-js":["/component---src-pages-about-team-nnanda-kizito-sseruwagi-js-706c101653d0cfb51775.js"],"component---src-pages-about-team-rosie-lorie-js":["/component---src-pages-about-team-rosie-lorie-js-75f5df5c8733d451dafe.js"],"component---src-pages-about-team-william-babigumira-js":["/component---src-pages-about-team-william-babigumira-js-f3c0e719fd7bb965b6e1.js"],"component---src-pages-about-team-zubeda-abdallah-js":["/component---src-pages-about-team-zubeda-abdallah-js-931cd48e900d6db561df.js"],"component---src-pages-blog-js":["/component---src-pages-blog-js-13b97437d3d1b71e7cd2.js"],"component---src-pages-contact-js":["/component---src-pages-contact-js-f9b8fb0eae93ad80aa5e.js"],"component---src-pages-editions-js":["/component---src-pages-editions-js-ae9f9f7e0612a8158c00.js"],"component---src-pages-events-harambe-symposium-js":["/component---src-pages-events-harambe-symposium-js-355b422d786c935afaba.js"],"component---src-pages-events-js":["/component---src-pages-events-js-d0476312c4012d1bd478.js"],"component---src-pages-events-lecture-series-js":["/component---src-pages-events-lecture-series-js-2eadab450b1db42a3780.js"],"component---src-pages-fellows-and-champions-js":["/component---src-pages-fellows-and-champions-js-baa2ba5995ce7b40e3e5.js"],"component---src-pages-huduma-about-js":["/component---src-pages-huduma-about-js-3d54856da4be002d5bfd.js"],"component---src-pages-huduma-champions-js":["/component---src-pages-huduma-champions-js-37ad8ef76caa3c0bae04.js"],"component---src-pages-huduma-index-js":["/component---src-pages-huduma-index-js-3aadadab8ad6d31d4490.js"],"component---src-pages-impact-js":["/component---src-pages-impact-js-eceff4a0a2fd45ec7f6c.js"],"component---src-pages-index-js":["/component---src-pages-index-js-125da2817047b3b7afe7.js"],"component---src-pages-initiatives-js":["/component---src-pages-initiatives-js-6207e37a29f5bf24bb1b.js"],"component---src-pages-join-corporate-js":["/component---src-pages-join-corporate-js-95b7fa98b69e2d75a89a.js"],"component---src-pages-join-government-js":["/component---src-pages-join-government-js-7603275636a191a3fde6.js"],"component---src-pages-join-individuals-js":["/component---src-pages-join-individuals-js-25eb0768b57935f6b660.js"],"component---src-pages-join-media-js":["/component---src-pages-join-media-js-cfe0721f672d8d270dca.js"],"component---src-pages-media-resource-js":["/component---src-pages-media-resource-js-1a4601c6acae25a0d5b5.js"],"component---src-pages-news-js":["/component---src-pages-news-js-6b2c06bf6b8b0bd2c176.js"],"component---src-pages-partner-with-us-js":["/component---src-pages-partner-with-us-js-a8a863f0db8a54590023.js"],"component---src-pages-publications-js":["/component---src-pages-publications-js-c0b5f7c76e8d4cb15e3e.js"],"component---src-pages-register-js":["/component---src-pages-register-js-630f065d6b187c8e4c61.js"],"component---src-pages-register-townhall-js":["/component---src-pages-register-townhall-js-ec49519c64ee96442a59.js"],"component---src-pages-search-results-js":["/component---src-pages-search-results-js-708f9967a73a89ef2adf.js"],"component---src-pages-speakers-js":["/component---src-pages-speakers-js-4394fc7adc5ebbf66ee2.js"],"component---src-pages-subscribe-js":["/component---src-pages-subscribe-js-48390ff67397e290e797.js"],"component---src-pages-team-js":["/component---src-pages-team-js-37473267f27b593371f6.js"],"component---src-pages-yelp-about-js":["/component---src-pages-yelp-about-js-89389299a09b2cbf0911.js"],"component---src-pages-yelp-fellows-js":["/component---src-pages-yelp-fellows-js-b558715df5cb442e2115.js"],"component---src-pages-yelp-index-js":["/component---src-pages-yelp-index-js-7162f94b7fc091d91971.js"],"component---src-templates-blog-post-js":["/component---src-templates-blog-post-js-bf6153850392e075f097.js"],"component---src-templates-publication-js":["/component---src-templates-publication-js-b1df1728263ecb25024b.js"]}