{"name":"build-javascript","namedChunkGroups":{"app":{"name":"app","assets":[{"name":"webpack-runtime-295e48b5130d7c549c66.js","size":8621},{"name":"styles.5c78f651b089d614ab6c.css","size":259334},{"name":"framework-6eeada0e58e3bd0a6757.js","size":141013},{"name":"cb355538-8703a4af17d3bd81122b.js","size":17782},{"name":"7112840a-6b07413b98131f43104e.js","size":135123},{"name":"app-5b7f5c135b7259b2e717.js","size":355009}],"filteredAssets":0,"assetsSize":916882,"filteredAuxiliaryAssets":20,"auxiliaryAssetsSize":9895256},"component---src-pages-2020-alg-js":{"name":"component---src-pages-2020-alg-js","assets":[{"name":"styles.5c78f651b089d614ab6c.css","size":259334},{"name":"component---src-pages-2020-alg-js-0d5a3e4548e7a3c32d0a.js","size":3417}],"filteredAssets":0,"assetsSize":262751,"filteredAuxiliaryAssets":3,"auxiliaryAssetsSize":51059},"component---src-pages-2021-alg-js":{"name":"component---src-pages-2021-alg-js","assets":[{"name":"styles.5c78f651b089d614ab6c.css","size":259334},{"name":"component---src-pages-2021-alg-js-33b751a4767c3fa274f3.js","size":3418}],"filteredAssets":0,"assetsSize":262752,"filteredAuxiliaryAssets":3,"auxiliaryAssetsSize":51059},"component---src-pages-2022-alg-js":{"name":"component---src-pages-2022-alg-js","assets":[{"name":"styles.5c78f651b089d614ab6c.css","size":259334},{"name":"component---src-pages-2022-alg-js-af1bd65538ee08abc666.js","size":3418}],"filteredAssets":0,"assetsSize":262752,"filteredAuxiliaryAssets":3,"auxiliaryAssetsSize":51061},"component---src-pages-2023-alg-js":{"name":"component---src-pages-2023-alg-js","assets":[{"name":"styles.5c78f651b089d614ab6c.css","size":259334},{"name":"component---src-pages-2023-alg-js-eebf5786c1ae954cf417.js","size":11246}],"filteredAssets":0,"assetsSize":270580,"filteredAuxiliaryAssets":3,"auxiliaryAssetsSize":63149},"component---src-pages-404-js":{"name":"component---src-pages-404-js","assets":[{"name":"styles.5c78f651b089d614ab6c.css","size":259334},{"name":"component---src-pages-404-js-a5e191e2c6595717d507.js","size":4019}],"filteredAssets":0,"assetsSize":263353,"filteredAuxiliaryAssets":3,"auxiliaryAssetsSize":52001},"component---src-pages-about-champions-js":{"name":"component---src-pages-about-champions-js","assets":[{"name":"styles.5c78f651b089d614ab6c.css","size":259334},{"name":"component---src-pages-about-champions-js-958c5c2508f4f13b8971.js","size":7619}],"filteredAssets":0,"assetsSize":266953,"filteredAuxiliaryAssets":3,"auxiliaryAssetsSize":58803},"component---src-pages-about-faqs-js":{"name":"component---src-pages-about-faqs-js","assets":[{"name":"styles.5c78f651b089d614ab6c.css","size":259334},{"name":"component---src-pages-about-faqs-js-dd255cf4109b57401a8c.js","size":9602}],"filteredAssets":0,"assetsSize":268936,"filteredAuxiliaryAssets":3,"auxiliaryAssetsSize":60637},"component---src-pages-about-history-and-mission-js":{"name":"component---src-pages-about-history-and-mission-js","assets":[{"name":"styles.5c78f651b089d614ab6c.css","size":259334},{"name":"component---src-pages-about-history-and-mission-js-5786756396752a558d7c.js","size":7096}],"filteredAssets":0,"assetsSize":266430,"filteredAuxiliaryAssets":3,"auxiliaryAssetsSize":58604},"component---src-pages-about-history-js":{"name":"component---src-pages-about-history-js","assets":[{"name":"component---src-pages-about-history-js-66dc42618f5fd8bdedd8.js","size":3922}],"filteredAssets":0,"assetsSize":3922,"filteredAuxiliaryAssets":1,"auxiliaryAssetsSize":6249},"component---src-pages-about-js":{"name":"component---src-pages-about-js","assets":[{"name":"styles.5c78f651b089d614ab6c.css","size":259334},{"name":"21071fab3df1e44cc5d3ad48bb509ee27d10c177-e8ca0e15081c9328bcea.js","size":10357},{"name":"d4ad233efeb1d959420253442063e6db7488fdeb-61893b8529d080fe4750.js","size":4763},{"name":"component---src-pages-about-js-ea34b11ec13ee85bc57a.js","size":27070}],"filteredAssets":0,"assetsSize":301524,"filteredAuxiliaryAssets":9,"auxiliaryAssetsSize":482085},"component---src-pages-about-mission-vision-js":{"name":"component---src-pages-about-mission-vision-js","assets":[{"name":"styles.5c78f651b089d614ab6c.css","size":259334},{"name":"component---src-pages-about-mission-vision-js-2bd1d8f2d6a2faf6770e.js","size":11751}],"filteredAssets":0,"assetsSize":271085,"filteredAuxiliaryAssets":4,"auxiliaryAssetsSize":1557225},"component---src-pages-about-pillars-of-action-js":{"name":"component---src-pages-about-pillars-of-action-js","assets":[{"name":"component---src-pages-about-pillars-of-action-js-b9fb8602b8653dbbe402.js","size":7389}],"filteredAssets":0,"assetsSize":7389,"filteredAuxiliaryAssets":1,"auxiliaryAssetsSize":14827},"component---src-pages-about-team-[slug]-js":{"name":"component---src-pages-about-team-[slug]-js","assets":[{"name":"styles.5c78f651b089d614ab6c.css","size":259334},{"name":"21071fab3df1e44cc5d3ad48bb509ee27d10c177-e8ca0e15081c9328bcea.js","size":10357},{"name":"component---src-pages-about-team-[slug]-js-a2afe3e3a62d688fe5db.js","size":4786}],"filteredAssets":0,"assetsSize":274477,"filteredAuxiliaryAssets":4,"auxiliaryAssetsSize":122465},"component---src-pages-about-team-awel-uwihanganye-js":{"name":"component---src-pages-about-team-awel-uwihanganye-js","assets":[{"name":"styles.5c78f651b089d614ab6c.css","size":259334},{"name":"component---src-pages-about-team-awel-uwihanganye-js-0f4ec06dc77c75c8c76d.js","size":7647}],"filteredAssets":0,"assetsSize":266981,"filteredAuxiliaryAssets":4,"auxiliaryAssetsSize":12214392},"component---src-pages-about-team-brian-turyabagye-js":{"name":"component---src-pages-about-team-brian-turyabagye-js","assets":[{"name":"styles.5c78f651b089d614ab6c.css","size":259334},{"name":"component---src-pages-about-team-brian-turyabagye-js-783642202d71f5e713fc.js","size":7263}],"filteredAssets":0,"assetsSize":266597,"filteredAuxiliaryAssets":4,"auxiliaryAssetsSize":72344},"component---src-pages-about-team-catherinerose-js":{"name":"component---src-pages-about-team-catherinerose-js","assets":[{"name":"styles.5c78f651b089d614ab6c.css","size":259334},{"name":"21071fab3df1e44cc5d3ad48bb509ee27d10c177-e8ca0e15081c9328bcea.js","size":10357},{"name":"component---src-pages-about-team-catherinerose-js-9ebc30a42ca5d492b736.js","size":8937}],"filteredAssets":0,"assetsSize":278628,"filteredAuxiliaryAssets":4,"auxiliaryAssetsSize":124159},"component---src-pages-about-team-conrad-mugisha-js":{"name":"component---src-pages-about-team-conrad-mugisha-js","assets":[{"name":"styles.5c78f651b089d614ab6c.css","size":259334},{"name":"21071fab3df1e44cc5d3ad48bb509ee27d10c177-e8ca0e15081c9328bcea.js","size":10357},{"name":"component---src-pages-about-team-conrad-mugisha-js-63beee99e64b7fc04dee.js","size":5604}],"filteredAssets":0,"assetsSize":275295,"filteredAuxiliaryAssets":4,"auxiliaryAssetsSize":122801},"component---src-pages-about-team-fiona-mbabazi-js":{"name":"component---src-pages-about-team-fiona-mbabazi-js","assets":[{"name":"styles.5c78f651b089d614ab6c.css","size":259334},{"name":"21071fab3df1e44cc5d3ad48bb509ee27d10c177-e8ca0e15081c9328bcea.js","size":10357},{"name":"component---src-pages-about-team-fiona-mbabazi-js-e6ff730dda47fd62884e.js","size":8090}],"filteredAssets":0,"assetsSize":277781,"filteredAuxiliaryAssets":4,"auxiliaryAssetsSize":122789},"component---src-pages-about-team-index-js":{"name":"component---src-pages-about-team-index-js","assets":[{"name":"styles.5c78f651b089d614ab6c.css","size":259334},{"name":"21071fab3df1e44cc5d3ad48bb509ee27d10c177-e8ca0e15081c9328bcea.js","size":10357},{"name":"component---src-pages-about-team-index-js-642d78d2e42178b7ec0d.js","size":50562}],"filteredAssets":0,"assetsSize":320253,"filteredAuxiliaryAssets":4,"auxiliaryAssetsSize":157448},"component---src-pages-about-team-kevin-langley-js":{"name":"component---src-pages-about-team-kevin-langley-js","assets":[{"name":"styles.5c78f651b089d614ab6c.css","size":259334},{"name":"component---src-pages-about-team-kevin-langley-js-476cab75d16625ad701a.js","size":7340}],"filteredAssets":0,"assetsSize":266674,"filteredAuxiliaryAssets":4,"auxiliaryAssetsSize":580614},"component---src-pages-about-team-magnus-mchnguzi-js":{"name":"component---src-pages-about-team-magnus-mchnguzi-js","assets":[{"name":"styles.5c78f651b089d614ab6c.css","size":259334},{"name":"21071fab3df1e44cc5d3ad48bb509ee27d10c177-e8ca0e15081c9328bcea.js","size":10357},{"name":"component---src-pages-about-team-magnus-mchnguzi-js-372fd986b89db0832156.js","size":10112}],"filteredAssets":0,"assetsSize":279803,"filteredAuxiliaryAssets":4,"auxiliaryAssetsSize":127817},"component---src-pages-about-team-magnus-mchunguzi-js":{"name":"component---src-pages-about-team-magnus-mchunguzi-js","assets":[{"name":"styles.5c78f651b089d614ab6c.css","size":259334},{"name":"component---src-pages-about-team-magnus-mchunguzi-js-b05ad044e826bdb7a2bd.js","size":7426}],"filteredAssets":0,"assetsSize":266760,"filteredAuxiliaryAssets":4,"auxiliaryAssetsSize":742706},"component---src-pages-about-team-nanda-kato-js":{"name":"component---src-pages-about-team-nanda-kato-js","assets":[{"name":"styles.5c78f651b089d614ab6c.css","size":259334},{"name":"component---src-pages-about-team-nanda-kato-js-89976495aa9a708603f1.js","size":7300}],"filteredAssets":0,"assetsSize":266634,"filteredAuxiliaryAssets":4,"auxiliaryAssetsSize":103177},"component---src-pages-about-team-nelson-asimwe-js":{"name":"component---src-pages-about-team-nelson-asimwe-js","assets":[{"name":"styles.5c78f651b089d614ab6c.css","size":259334},{"name":"component---src-pages-about-team-nelson-asimwe-js-bfd722a024da656b666e.js","size":7273}],"filteredAssets":0,"assetsSize":266607,"filteredAuxiliaryAssets":4,"auxiliaryAssetsSize":900675},"component---src-pages-about-team-nnanda-kizito-sseruwagi-js":{"name":"component---src-pages-about-team-nnanda-kizito-sseruwagi-js","assets":[{"name":"styles.5c78f651b089d614ab6c.css","size":259334},{"name":"component---src-pages-about-team-nnanda-kizito-sseruwagi-js-706c101653d0cfb51775.js","size":7295}],"filteredAssets":0,"assetsSize":266629,"filteredAuxiliaryAssets":4,"auxiliaryAssetsSize":103221},"component---src-pages-about-team-rosie-lorie-js":{"name":"component---src-pages-about-team-rosie-lorie-js","assets":[{"name":"styles.5c78f651b089d614ab6c.css","size":259334},{"name":"component---src-pages-about-team-rosie-lorie-js-75f5df5c8733d451dafe.js","size":7318}],"filteredAssets":0,"assetsSize":266652,"filteredAuxiliaryAssets":4,"auxiliaryAssetsSize":1106931},"component---src-pages-about-team-william-babigumira-js":{"name":"component---src-pages-about-team-william-babigumira-js","assets":[{"name":"styles.5c78f651b089d614ab6c.css","size":259334},{"name":"component---src-pages-about-team-william-babigumira-js-f3c0e719fd7bb965b6e1.js","size":7360}],"filteredAssets":0,"assetsSize":266694,"filteredAuxiliaryAssets":4,"auxiliaryAssetsSize":169456},"component---src-pages-about-team-zubeda-abdallah-js":{"name":"component---src-pages-about-team-zubeda-abdallah-js","assets":[{"name":"styles.5c78f651b089d614ab6c.css","size":259334},{"name":"component---src-pages-about-team-zubeda-abdallah-js-931cd48e900d6db561df.js","size":7272}],"filteredAssets":0,"assetsSize":266606,"filteredAuxiliaryAssets":4,"auxiliaryAssetsSize":72316},"component---src-pages-blog-js":{"name":"component---src-pages-blog-js","assets":[{"name":"styles.5c78f651b089d614ab6c.css","size":259334},{"name":"component---src-pages-blog-js-13b97437d3d1b71e7cd2.js","size":6857}],"filteredAssets":0,"assetsSize":266191,"filteredAuxiliaryAssets":3,"auxiliaryAssetsSize":59014},"component---src-pages-contact-js":{"name":"component---src-pages-contact-js","assets":[{"name":"styles.5c78f651b089d614ab6c.css","size":259334},{"name":"component---src-pages-contact-js-f9b8fb0eae93ad80aa5e.js","size":9377}],"filteredAssets":0,"assetsSize":268711,"filteredAuxiliaryAssets":4,"auxiliaryAssetsSize":1752409},"component---src-pages-editions-js":{"name":"component---src-pages-editions-js","assets":[{"name":"styles.5c78f651b089d614ab6c.css","size":259334},{"name":"component---src-pages-editions-js-ae9f9f7e0612a8158c00.js","size":6808}],"filteredAssets":0,"assetsSize":266142,"filteredAuxiliaryAssets":8,"auxiliaryAssetsSize":3735561},"component---src-pages-events-harambe-symposium-js":{"name":"component---src-pages-events-harambe-symposium-js","assets":[{"name":"styles.5c78f651b089d614ab6c.css","size":259334},{"name":"component---src-pages-events-harambe-symposium-js-355b422d786c935afaba.js","size":16614}],"filteredAssets":0,"assetsSize":275948,"filteredAuxiliaryAssets":6,"auxiliaryAssetsSize":2116368},"component---src-pages-events-js":{"name":"component---src-pages-events-js","assets":[{"name":"styles.5c78f651b089d614ab6c.css","size":259334},{"name":"component---src-pages-events-js-d0476312c4012d1bd478.js","size":24568}],"filteredAssets":0,"assetsSize":283902,"filteredAuxiliaryAssets":8,"auxiliaryAssetsSize":2661667},"component---src-pages-events-lecture-series-js":{"name":"component---src-pages-events-lecture-series-js","assets":[{"name":"styles.5c78f651b089d614ab6c.css","size":259334},{"name":"21071fab3df1e44cc5d3ad48bb509ee27d10c177-e8ca0e15081c9328bcea.js","size":10357},{"name":"component---src-pages-events-lecture-series-js-2eadab450b1db42a3780.js","size":15895}],"filteredAssets":0,"assetsSize":285586,"filteredAuxiliaryAssets":4,"auxiliaryAssetsSize":137983},"component---src-pages-fellows-and-champions-js":{"name":"component---src-pages-fellows-and-champions-js","assets":[{"name":"styles.5c78f651b089d614ab6c.css","size":259334},{"name":"component---src-pages-fellows-and-champions-js-baa2ba5995ce7b40e3e5.js","size":7502}],"filteredAssets":0,"assetsSize":266836,"filteredAuxiliaryAssets":5,"auxiliaryAssetsSize":2989410},"component---src-pages-huduma-about-js":{"name":"component---src-pages-huduma-about-js","assets":[{"name":"component---src-pages-huduma-about-js-3d54856da4be002d5bfd.js","size":15300}],"filteredAssets":0,"assetsSize":15300,"filteredAuxiliaryAssets":2,"auxiliaryAssetsSize":1517772},"component---src-pages-huduma-champions-js":{"name":"component---src-pages-huduma-champions-js","assets":[{"name":"component---src-pages-huduma-champions-js-37ad8ef76caa3c0bae04.js","size":246976}],"filteredAssets":0,"assetsSize":246976,"filteredAuxiliaryAssets":34,"auxiliaryAssetsSize":2396163},"component---src-pages-huduma-index-js":{"name":"component---src-pages-huduma-index-js","assets":[{"name":"component---src-pages-huduma-index-js-3aadadab8ad6d31d4490.js","size":17540}],"filteredAssets":0,"assetsSize":17540,"filteredAuxiliaryAssets":3,"auxiliaryAssetsSize":1851085},"component---src-pages-impact-js":{"name":"component---src-pages-impact-js","assets":[{"name":"styles.5c78f651b089d614ab6c.css","size":259334},{"name":"21071fab3df1e44cc5d3ad48bb509ee27d10c177-e8ca0e15081c9328bcea.js","size":10357},{"name":"component---src-pages-impact-js-eceff4a0a2fd45ec7f6c.js","size":5659}],"filteredAssets":0,"assetsSize":275350,"filteredAuxiliaryAssets":4,"auxiliaryAssetsSize":123649},"component---src-pages-index-js":{"name":"component---src-pages-index-js","assets":[{"name":"styles.5c78f651b089d614ab6c.css","size":259334},{"name":"21071fab3df1e44cc5d3ad48bb509ee27d10c177-e8ca0e15081c9328bcea.js","size":10357},{"name":"d4ad233efeb1d959420253442063e6db7488fdeb-61893b8529d080fe4750.js","size":4763},{"name":"component---src-pages-index-js-125da2817047b3b7afe7.js","size":59170}],"filteredAssets":0,"assetsSize":333624,"filteredAuxiliaryAssets":44,"auxiliaryAssetsSize":7450981},"component---src-pages-initiatives-js":{"name":"component---src-pages-initiatives-js","assets":[{"name":"styles.5c78f651b089d614ab6c.css","size":259334},{"name":"component---src-pages-initiatives-js-6207e37a29f5bf24bb1b.js","size":6131}],"filteredAssets":0,"assetsSize":265465,"filteredAuxiliaryAssets":4,"auxiliaryAssetsSize":77999},"component---src-pages-join-corporate-js":{"name":"component---src-pages-join-corporate-js","assets":[{"name":"styles.5c78f651b089d614ab6c.css","size":259334},{"name":"component---src-pages-join-corporate-js-95b7fa98b69e2d75a89a.js","size":10651}],"filteredAssets":0,"assetsSize":269985,"filteredAuxiliaryAssets":3,"auxiliaryAssetsSize":62685},"component---src-pages-join-government-js":{"name":"component---src-pages-join-government-js","assets":[{"name":"styles.5c78f651b089d614ab6c.css","size":259334},{"name":"component---src-pages-join-government-js-7603275636a191a3fde6.js","size":11722}],"filteredAssets":0,"assetsSize":271056,"filteredAuxiliaryAssets":3,"auxiliaryAssetsSize":64414},"component---src-pages-join-individuals-js":{"name":"component---src-pages-join-individuals-js","assets":[{"name":"styles.5c78f651b089d614ab6c.css","size":259334},{"name":"component---src-pages-join-individuals-js-25eb0768b57935f6b660.js","size":10581}],"filteredAssets":0,"assetsSize":269915,"filteredAuxiliaryAssets":3,"auxiliaryAssetsSize":62615},"component---src-pages-join-media-js":{"name":"component---src-pages-join-media-js","assets":[{"name":"styles.5c78f651b089d614ab6c.css","size":259334},{"name":"component---src-pages-join-media-js-cfe0721f672d8d270dca.js","size":11871}],"filteredAssets":0,"assetsSize":271205,"filteredAuxiliaryAssets":3,"auxiliaryAssetsSize":64657},"component---src-pages-media-resource-js":{"name":"component---src-pages-media-resource-js","assets":[{"name":"styles.5c78f651b089d614ab6c.css","size":259334},{"name":"component---src-pages-media-resource-js-1a4601c6acae25a0d5b5.js","size":14267}],"filteredAssets":0,"assetsSize":273601,"filteredAuxiliaryAssets":4,"auxiliaryAssetsSize":913348},"component---src-pages-news-js":{"name":"component---src-pages-news-js","assets":[{"name":"styles.5c78f651b089d614ab6c.css","size":259334},{"name":"component---src-pages-news-js-6b2c06bf6b8b0bd2c176.js","size":7730}],"filteredAssets":0,"assetsSize":267064,"filteredAuxiliaryAssets":3,"auxiliaryAssetsSize":60600},"component---src-pages-partner-with-us-js":{"name":"component---src-pages-partner-with-us-js","assets":[{"name":"component---src-pages-partner-with-us-js-a8a863f0db8a54590023.js","size":4559}],"filteredAssets":0,"assetsSize":4559,"filteredAuxiliaryAssets":1,"auxiliaryAssetsSize":9382},"component---src-pages-publications-js":{"name":"component---src-pages-publications-js","assets":[{"name":"styles.5c78f651b089d614ab6c.css","size":259334},{"name":"5d416436-a167dcbabab9ff57df8e.js","size":545},{"name":"7960a796b804b9624c042d5903a627693648c37c-c0cf110fd849fff5c15e.js","size":47647},{"name":"component---src-pages-publications-js-c0b5f7c76e8d4cb15e3e.js","size":14181}],"filteredAssets":0,"assetsSize":321707,"filteredAuxiliaryAssets":5,"auxiliaryAssetsSize":413734},"component---src-pages-register-js":{"name":"component---src-pages-register-js","assets":[{"name":"styles.5c78f651b089d614ab6c.css","size":259334},{"name":"component---src-pages-register-js-630f065d6b187c8e4c61.js","size":9577}],"filteredAssets":0,"assetsSize":268911,"filteredAuxiliaryAssets":4,"auxiliaryAssetsSize":418551},"component---src-pages-register-townhall-js":{"name":"component---src-pages-register-townhall-js","assets":[{"name":"styles.5c78f651b089d614ab6c.css","size":259334},{"name":"component---src-pages-register-townhall-js-ec49519c64ee96442a59.js","size":8585}],"filteredAssets":0,"assetsSize":267919,"filteredAuxiliaryAssets":7,"auxiliaryAssetsSize":593032},"component---src-pages-search-results-js":{"name":"component---src-pages-search-results-js","assets":[{"name":"styles.5c78f651b089d614ab6c.css","size":259334},{"name":"component---src-pages-search-results-js-708f9967a73a89ef2adf.js","size":6086}],"filteredAssets":0,"assetsSize":265420,"filteredAuxiliaryAssets":3,"auxiliaryAssetsSize":56654},"component---src-pages-speakers-js":{"name":"component---src-pages-speakers-js","assets":[{"name":"styles.5c78f651b089d614ab6c.css","size":259334},{"name":"component---src-pages-speakers-js-4394fc7adc5ebbf66ee2.js","size":5455}],"filteredAssets":0,"assetsSize":264789,"filteredAuxiliaryAssets":4,"auxiliaryAssetsSize":1747483},"component---src-pages-subscribe-js":{"name":"component---src-pages-subscribe-js","assets":[{"name":"component---src-pages-subscribe-js-48390ff67397e290e797.js","size":397}],"filteredAssets":0,"assetsSize":397,"filteredAuxiliaryAssets":1,"auxiliaryAssetsSize":677},"component---src-pages-team-js":{"name":"component---src-pages-team-js","assets":[{"name":"styles.5c78f651b089d614ab6c.css","size":259334},{"name":"component---src-pages-team-js-37473267f27b593371f6.js","size":10640}],"filteredAssets":0,"assetsSize":269974,"filteredAuxiliaryAssets":12,"auxiliaryAssetsSize":6067234},"component---src-pages-yelp-about-js":{"name":"component---src-pages-yelp-about-js","assets":[{"name":"component---src-pages-yelp-about-js-89389299a09b2cbf0911.js","size":10183}],"filteredAssets":0,"assetsSize":10183,"filteredAuxiliaryAssets":1,"auxiliaryAssetsSize":19222},"component---src-pages-yelp-fellows-js":{"name":"component---src-pages-yelp-fellows-js","assets":[{"name":"21071fab3df1e44cc5d3ad48bb509ee27d10c177-e8ca0e15081c9328bcea.js","size":10357},{"name":"component---src-pages-yelp-fellows-js-b558715df5cb442e2115.js","size":18678}],"filteredAssets":0,"assetsSize":29035,"filteredAuxiliaryAssets":47,"auxiliaryAssetsSize":4440546},"component---src-pages-yelp-index-js":{"name":"component---src-pages-yelp-index-js","assets":[{"name":"component---src-pages-yelp-index-js-7162f94b7fc091d91971.js","size":9234}],"filteredAssets":0,"assetsSize":9234,"filteredAuxiliaryAssets":2,"auxiliaryAssetsSize":922421},"component---src-templates-blog-post-js":{"name":"component---src-templates-blog-post-js","assets":[{"name":"styles.5c78f651b089d614ab6c.css","size":259334},{"name":"7960a796b804b9624c042d5903a627693648c37c-c0cf110fd849fff5c15e.js","size":47647},{"name":"component---src-templates-blog-post-js-bf6153850392e075f097.js","size":49634}],"filteredAssets":0,"assetsSize":356615,"filteredAuxiliaryAssets":4,"auxiliaryAssetsSize":330122},"component---src-templates-publication-js":{"name":"component---src-templates-publication-js","assets":[{"name":"styles.5c78f651b089d614ab6c.css","size":259334},{"name":"7960a796b804b9624c042d5903a627693648c37c-c0cf110fd849fff5c15e.js","size":47647},{"name":"component---src-templates-publication-js-b1df1728263ecb25024b.js","size":3233}],"filteredAssets":0,"assetsSize":310214,"filteredAuxiliaryAssets":4,"auxiliaryAssetsSize":154383}},"assetsByChunkName":{"app":["webpack-runtime-295e48b5130d7c549c66.js","styles.5c78f651b089d614ab6c.css","framework-6eeada0e58e3bd0a6757.js","cb355538-8703a4af17d3bd81122b.js","7112840a-6b07413b98131f43104e.js","app-5b7f5c135b7259b2e717.js"],"component---src-pages-2020-alg-js":["styles.5c78f651b089d614ab6c.css","component---src-pages-2020-alg-js-0d5a3e4548e7a3c32d0a.js"],"component---src-pages-2021-alg-js":["styles.5c78f651b089d614ab6c.css","component---src-pages-2021-alg-js-33b751a4767c3fa274f3.js"],"component---src-pages-2022-alg-js":["styles.5c78f651b089d614ab6c.css","component---src-pages-2022-alg-js-af1bd65538ee08abc666.js"],"component---src-pages-2023-alg-js":["styles.5c78f651b089d614ab6c.css","component---src-pages-2023-alg-js-eebf5786c1ae954cf417.js"],"component---src-pages-404-js":["styles.5c78f651b089d614ab6c.css","component---src-pages-404-js-a5e191e2c6595717d507.js"],"component---src-pages-about-champions-js":["styles.5c78f651b089d614ab6c.css","component---src-pages-about-champions-js-958c5c2508f4f13b8971.js"],"component---src-pages-about-faqs-js":["styles.5c78f651b089d614ab6c.css","component---src-pages-about-faqs-js-dd255cf4109b57401a8c.js"],"component---src-pages-about-history-and-mission-js":["styles.5c78f651b089d614ab6c.css","component---src-pages-about-history-and-mission-js-5786756396752a558d7c.js"],"component---src-pages-about-history-js":["component---src-pages-about-history-js-66dc42618f5fd8bdedd8.js"],"component---src-pages-about-js":["styles.5c78f651b089d614ab6c.css","21071fab3df1e44cc5d3ad48bb509ee27d10c177-e8ca0e15081c9328bcea.js","d4ad233efeb1d959420253442063e6db7488fdeb-61893b8529d080fe4750.js","component---src-pages-about-js-ea34b11ec13ee85bc57a.js"],"component---src-pages-about-mission-vision-js":["styles.5c78f651b089d614ab6c.css","component---src-pages-about-mission-vision-js-2bd1d8f2d6a2faf6770e.js"],"component---src-pages-about-pillars-of-action-js":["component---src-pages-about-pillars-of-action-js-b9fb8602b8653dbbe402.js"],"component---src-pages-about-team-[slug]-js":["styles.5c78f651b089d614ab6c.css","21071fab3df1e44cc5d3ad48bb509ee27d10c177-e8ca0e15081c9328bcea.js","component---src-pages-about-team-[slug]-js-a2afe3e3a62d688fe5db.js"],"component---src-pages-about-team-awel-uwihanganye-js":["styles.5c78f651b089d614ab6c.css","component---src-pages-about-team-awel-uwihanganye-js-0f4ec06dc77c75c8c76d.js"],"component---src-pages-about-team-brian-turyabagye-js":["styles.5c78f651b089d614ab6c.css","component---src-pages-about-team-brian-turyabagye-js-783642202d71f5e713fc.js"],"component---src-pages-about-team-catherinerose-js":["styles.5c78f651b089d614ab6c.css","21071fab3df1e44cc5d3ad48bb509ee27d10c177-e8ca0e15081c9328bcea.js","component---src-pages-about-team-catherinerose-js-9ebc30a42ca5d492b736.js"],"component---src-pages-about-team-conrad-mugisha-js":["styles.5c78f651b089d614ab6c.css","21071fab3df1e44cc5d3ad48bb509ee27d10c177-e8ca0e15081c9328bcea.js","component---src-pages-about-team-conrad-mugisha-js-63beee99e64b7fc04dee.js"],"component---src-pages-about-team-fiona-mbabazi-js":["styles.5c78f651b089d614ab6c.css","21071fab3df1e44cc5d3ad48bb509ee27d10c177-e8ca0e15081c9328bcea.js","component---src-pages-about-team-fiona-mbabazi-js-e6ff730dda47fd62884e.js"],"component---src-pages-about-team-index-js":["styles.5c78f651b089d614ab6c.css","21071fab3df1e44cc5d3ad48bb509ee27d10c177-e8ca0e15081c9328bcea.js","component---src-pages-about-team-index-js-642d78d2e42178b7ec0d.js"],"component---src-pages-about-team-kevin-langley-js":["styles.5c78f651b089d614ab6c.css","component---src-pages-about-team-kevin-langley-js-476cab75d16625ad701a.js"],"component---src-pages-about-team-magnus-mchnguzi-js":["styles.5c78f651b089d614ab6c.css","21071fab3df1e44cc5d3ad48bb509ee27d10c177-e8ca0e15081c9328bcea.js","component---src-pages-about-team-magnus-mchnguzi-js-372fd986b89db0832156.js"],"component---src-pages-about-team-magnus-mchunguzi-js":["styles.5c78f651b089d614ab6c.css","component---src-pages-about-team-magnus-mchunguzi-js-b05ad044e826bdb7a2bd.js"],"component---src-pages-about-team-nanda-kato-js":["styles.5c78f651b089d614ab6c.css","component---src-pages-about-team-nanda-kato-js-89976495aa9a708603f1.js"],"component---src-pages-about-team-nelson-asimwe-js":["styles.5c78f651b089d614ab6c.css","component---src-pages-about-team-nelson-asimwe-js-bfd722a024da656b666e.js"],"component---src-pages-about-team-nnanda-kizito-sseruwagi-js":["styles.5c78f651b089d614ab6c.css","component---src-pages-about-team-nnanda-kizito-sseruwagi-js-706c101653d0cfb51775.js"],"component---src-pages-about-team-rosie-lorie-js":["styles.5c78f651b089d614ab6c.css","component---src-pages-about-team-rosie-lorie-js-75f5df5c8733d451dafe.js"],"component---src-pages-about-team-william-babigumira-js":["styles.5c78f651b089d614ab6c.css","component---src-pages-about-team-william-babigumira-js-f3c0e719fd7bb965b6e1.js"],"component---src-pages-about-team-zubeda-abdallah-js":["styles.5c78f651b089d614ab6c.css","component---src-pages-about-team-zubeda-abdallah-js-931cd48e900d6db561df.js"],"component---src-pages-blog-js":["styles.5c78f651b089d614ab6c.css","component---src-pages-blog-js-13b97437d3d1b71e7cd2.js"],"component---src-pages-contact-js":["styles.5c78f651b089d614ab6c.css","component---src-pages-contact-js-f9b8fb0eae93ad80aa5e.js"],"component---src-pages-editions-js":["styles.5c78f651b089d614ab6c.css","component---src-pages-editions-js-ae9f9f7e0612a8158c00.js"],"component---src-pages-events-harambe-symposium-js":["styles.5c78f651b089d614ab6c.css","component---src-pages-events-harambe-symposium-js-355b422d786c935afaba.js"],"component---src-pages-events-js":["styles.5c78f651b089d614ab6c.css","component---src-pages-events-js-d0476312c4012d1bd478.js"],"component---src-pages-events-lecture-series-js":["styles.5c78f651b089d614ab6c.css","21071fab3df1e44cc5d3ad48bb509ee27d10c177-e8ca0e15081c9328bcea.js","component---src-pages-events-lecture-series-js-2eadab450b1db42a3780.js"],"component---src-pages-fellows-and-champions-js":["styles.5c78f651b089d614ab6c.css","component---src-pages-fellows-and-champions-js-baa2ba5995ce7b40e3e5.js"],"component---src-pages-huduma-about-js":["component---src-pages-huduma-about-js-3d54856da4be002d5bfd.js"],"component---src-pages-huduma-champions-js":["component---src-pages-huduma-champions-js-37ad8ef76caa3c0bae04.js"],"component---src-pages-huduma-index-js":["component---src-pages-huduma-index-js-3aadadab8ad6d31d4490.js"],"component---src-pages-impact-js":["styles.5c78f651b089d614ab6c.css","21071fab3df1e44cc5d3ad48bb509ee27d10c177-e8ca0e15081c9328bcea.js","component---src-pages-impact-js-eceff4a0a2fd45ec7f6c.js"],"component---src-pages-index-js":["styles.5c78f651b089d614ab6c.css","21071fab3df1e44cc5d3ad48bb509ee27d10c177-e8ca0e15081c9328bcea.js","d4ad233efeb1d959420253442063e6db7488fdeb-61893b8529d080fe4750.js","component---src-pages-index-js-125da2817047b3b7afe7.js"],"component---src-pages-initiatives-js":["styles.5c78f651b089d614ab6c.css","component---src-pages-initiatives-js-6207e37a29f5bf24bb1b.js"],"component---src-pages-join-corporate-js":["styles.5c78f651b089d614ab6c.css","component---src-pages-join-corporate-js-95b7fa98b69e2d75a89a.js"],"component---src-pages-join-government-js":["styles.5c78f651b089d614ab6c.css","component---src-pages-join-government-js-7603275636a191a3fde6.js"],"component---src-pages-join-individuals-js":["styles.5c78f651b089d614ab6c.css","component---src-pages-join-individuals-js-25eb0768b57935f6b660.js"],"component---src-pages-join-media-js":["styles.5c78f651b089d614ab6c.css","component---src-pages-join-media-js-cfe0721f672d8d270dca.js"],"component---src-pages-media-resource-js":["styles.5c78f651b089d614ab6c.css","component---src-pages-media-resource-js-1a4601c6acae25a0d5b5.js"],"component---src-pages-news-js":["styles.5c78f651b089d614ab6c.css","component---src-pages-news-js-6b2c06bf6b8b0bd2c176.js"],"component---src-pages-partner-with-us-js":["component---src-pages-partner-with-us-js-a8a863f0db8a54590023.js"],"component---src-pages-publications-js":["styles.5c78f651b089d614ab6c.css","5d416436-a167dcbabab9ff57df8e.js","7960a796b804b9624c042d5903a627693648c37c-c0cf110fd849fff5c15e.js","component---src-pages-publications-js-c0b5f7c76e8d4cb15e3e.js"],"component---src-pages-register-js":["styles.5c78f651b089d614ab6c.css","component---src-pages-register-js-630f065d6b187c8e4c61.js"],"component---src-pages-register-townhall-js":["styles.5c78f651b089d614ab6c.css","component---src-pages-register-townhall-js-ec49519c64ee96442a59.js"],"component---src-pages-search-results-js":["styles.5c78f651b089d614ab6c.css","component---src-pages-search-results-js-708f9967a73a89ef2adf.js"],"component---src-pages-speakers-js":["styles.5c78f651b089d614ab6c.css","component---src-pages-speakers-js-4394fc7adc5ebbf66ee2.js"],"component---src-pages-subscribe-js":["component---src-pages-subscribe-js-48390ff67397e290e797.js"],"component---src-pages-team-js":["styles.5c78f651b089d614ab6c.css","component---src-pages-team-js-37473267f27b593371f6.js"],"component---src-pages-yelp-about-js":["component---src-pages-yelp-about-js-89389299a09b2cbf0911.js"],"component---src-pages-yelp-fellows-js":["21071fab3df1e44cc5d3ad48bb509ee27d10c177-e8ca0e15081c9328bcea.js","component---src-pages-yelp-fellows-js-b558715df5cb442e2115.js"],"component---src-pages-yelp-index-js":["component---src-pages-yelp-index-js-7162f94b7fc091d91971.js"],"component---src-templates-blog-post-js":["styles.5c78f651b089d614ab6c.css","7960a796b804b9624c042d5903a627693648c37c-c0cf110fd849fff5c15e.js","component---src-templates-blog-post-js-bf6153850392e075f097.js"],"component---src-templates-publication-js":["styles.5c78f651b089d614ab6c.css","7960a796b804b9624c042d5903a627693648c37c-c0cf110fd849fff5c15e.js","component---src-templates-publication-js-b1df1728263ecb25024b.js"]},"childAssetsByChunkName":{}}